"V1","V2","H3C8HXX01ATG0S_full","V4"
"C","37","C","39"
"A","37","A","39"
"C","40","C","40"
"G","40","G","40"
"A","40","A","40"
"C","40","C","40"
"G","40","G","40"
"T","40","T","40"
"T","39","T","39"
"T","39","T","39"
"G","39","G","39"
"T","40","T","39"
"A","40","A","39"
"A","39","A","39"
"A","39","A","37"
"C","39","C","37"
"G","40","G","36"
"A","40","A","31"
"C","40","C","31"
"G","40","G","31"
"C","40","C","36"
"C","40","C","37"
"A","39","A","37"
"C","39","C","37"
"C","39","C","37"
"T","39","T","37"
"G","39","G","37"
"G","39","G","37"
"G","37","G","37"
"C","37","C","37"
"A","36","A","37"
"A","31","A","37"
"A","31","A","37"
"G","31","G","37"
"A","36","A","37"
"A","37","A","37"
"C","37","C","37"
"A","37","A","35"
"T","37","T","30"
"C","37","C","30"
"C","37","C","30"
"A","37","A","35"
"A","37","A","33"
"G","37","G","33"
"C","37","C","29"
"A","37","A","24"
"G","37","G","15"
"C","37","C","15"
"A","37","A","15"
"A","37","A","23"
"T","37","T","30"
"A","35","A","27"
"A","30","A","19"
"A","30","A","19"
"T","30","T","19"
"C","35","C","19"
"A","33","A","19"
"A","33","A","19"
"G","29","G","24"
"T","24","T","21"
"T","15","T","30"
"A","15","A","26"
"G","15","G","27"
"A","23","A","28"
"T","30","T","33"
"C","27","C","33"
"C","19","C","35"
"C","19","C","35"
"T","19","T","35"
"T","19","T","37"
"T","19","T","37"
"A","19","A","37"
"T","24","T","37"
"A","21","A","35"
"G","30","G","35"
"G","26","G","35"
"G","27","G","35"
"C","28","C","35"
"A","33","A","35"
"A","33","A","35"
"T","35","T","33"
"G","35","G","33"
"A","35","A","25"
"A","37","A","25"
"G","37","G","25"
"A","37","A","28"
"A","37","A","32"
"T","35","T","33"
"A","35","A","32"
"C","35","C","27"
"A","35","A","23"
"C","35","C","23"
"A","35","A","24"
"G","35","G","27"
"A","33","A","29"
"T","33","T","28"
"T","25","T","29"
"T","25","T","29"
"A","25","A","29"
"C","28","C","19"
"A","32","A","19"
"T","33","T","19"
"G","32","G","19"
"C","27","C","19"
"C","23","C","14"
"A","23","A","14"
"T","24","T","19"
"C","27","C","19"
"C","29","C","23"
"A","28","A","24"
"T","29","T","24"
"G","29","G","24"
"A","29","A","27"
"A","19","A","29"
"A","19","A","33"
"A","19","A","33"
"G","19","G","33"
"A","19","A","35"
"A","14","A","35"
"T","14","T","33"
"T","19","T","35"
"T","19","T","35"
"C","23","C","35"
"A","24","A","34"
"G","24","G","32"
"A","24","A","32"
"A","27","A","32"
"G","29","G","32"
"A","33","A","35"
"G","33","G","35"
"A","33","A","35"
"A","35","A","35"
"G","35","G","35"
"A","33","A","32"
"G","35","G","25"
"G","35","G","25"
"A","35","A","25"
"A","34","A","32"
"G","32","G","32"
"A","32","A","35"
"A","32","A","33"
"G","32","G","33"
"C","35","C","32"
"A","35","A","32"
"G","35","G","30"
"G","35","G","23"
"A","35","A","23"
"G","32","G","23"
"T","25","T","23"
"T","25","T","23"
"C","25","C","24"
"T","32","T","19"
"G","32","G","19"
"T","35","T","17"
"G","33","G","17"
"G","33","G","24"
"T","32","T","21"
"A","32","A","21"
"G","30","G","16"
"A","23","A","12"
"A","23","A","18"
"A","23","A","16"
"G","23","G","22"
"C","23","C","22"
"A","24","A","13"
"A","19","A","13"
"A","19","A","13"
"A","17","A","22"
"C","17","C","12"
"T","24","T","12"
"T","21","T","12"
"A","21","A","23"
"A","16","A","23"
"G","12","G","29"
"A","18","A","29"
"T","16","T","30"
"G","22","G","32"
"A","22","A","31"
"A","13","A","29"
"A","13","A","28"
"C","13","C","30"
"A","22","A","30"
"A","12","A","30"
"A","12","A","31"
"G","12","G","32"
"G","23","G","24"
"C","23","C","15"
"T","29","T","15"
"A","29","A","15"
"G","30","G","19"
"A","32","A","19"
"A","31","A","23"
"G","29","G","29"
"T","28","T","19"
"C","30","C","15"
"A","30","A","15"
"G","30","G","13"
"G","31","G","24"
"T","32","T","24"
"C","24","C","31"
"G","15","G","32"
"G","15","G","33"
"A","15","A","32"
"T","19","T","19"
"T","19","T","19"
"A","23","A","20"
"A","29","A","17"
"G","19","G","17"
"C","15","C","22"
"C","15","C","22"
"A","13","A","22"
"T","24","T","17"
"A","24","A","32"
"G","31","G","30"
"T","32","T","12"
"A","33","A","12"
"C","32","C","25"
"G","19","G","25"
"G","19","G","28"
"A","20","A","27"
"A","17","A","30"
"A","17","A","29"
"A","22","A","19"
"A","22","A","19"
"A","22","A","19"
"C","17","C","23"
"T","32","T","28"
"A","30","A","27"
"A","12","A","23"
"T","12","T","19"
"G","25","G","19"
"C","25","C","19"
"T","28","T","19"
"A","27","A","30"
"C","30","C","30"
"C","29","C","14"
"T","19","T","13"
"G","19","G",NA
"T","19","T",NA
"G","23","G",NA
"A","28","A",NA
"G","27","G",NA
"C","23","C",NA
"C","19","C",NA
"C","19","C",NA
"C","19","C",NA
"G","19","G",NA
"T","30","T",NA
"C","30","C",NA
"C","14","C",NA
"A","13",NA,NA
"A","17",NA,NA
"C","16",NA,NA
"G","16",NA,NA
"G","20",NA,NA
"A","24",NA,NA
"C","23",NA,NA
"G","17",NA,NA
"T","11",NA,NA
"T","12",NA,NA
"A","12",NA,NA
"A","11",NA,NA
"A","11",NA,NA
"A","11",NA,NA
"G","11",NA,NA
"A","12",NA,NA
"A","12",NA,NA
"G","12",NA,NA
"T","17",NA,NA
"A","12",NA,NA
"C","11",NA,NA
"A","12",NA,NA
"G","17",NA,NA
"C","12",NA,NA
"C","12",NA,NA
"A","12",NA,NA
"T","12",NA,NA
"C","12",NA,NA
"A","12",NA,NA
"T","25",NA,NA
"A","22",NA,NA
"A","16",NA,NA
"T","16",NA,NA
"A","17",NA,NA
"G","20",NA,NA
"A","18",NA,NA
"C","17",NA,NA
"N","12",NA,NA
"C","0",NA,NA
"T","12",NA,NA
"A","12",NA,NA
"G","12",NA,NA
"C","12",NA,NA
"T","12",NA,NA
"T","16",NA,NA
"G","16",NA,NA
"A","18",NA,NA
"G","18",NA,NA
"T","16",NA,NA
"T","16",NA,NA
"A","20",NA,NA
"A","16",NA,NA
"A","16",NA,NA
"C","16",NA,NA
"G","23",NA,NA
"T","22",NA,NA
"A","21",NA,NA
"A","13",NA,NA
"T","13",NA,NA
"T","12",NA,NA
"A","12",NA,NA
"G","11",NA,NA
"T","12",NA,NA
"C","11",NA,NA
"A","18",NA,NA
"G","12",NA,NA
"C","12",NA,NA
"C","12",NA,NA
"T","12",NA,NA
"G","12",NA,NA
"T","12",NA,NA
"A","20",NA,NA
"C","24",NA,NA
"G","18",NA,NA
"T","12",NA,NA
"C","12",NA,NA
"G","12",NA,NA
"T","12",NA,NA
"C","12",NA,NA
"C","16",NA,NA
"A","20",NA,NA
"C","18",NA,NA
"C","11",NA,NA
"C","11",NA,NA
"T","11",NA,NA
"C","12",NA,NA
"C","11",NA,NA
"G","11",NA,NA
"A","18",NA,NA
"G","18",NA,NA
"A","20",NA,NA
"A","20",NA,NA
"G","20",NA,NA
"G","12",NA,NA
"T","12",NA,NA
"G","12",NA,NA
"T","11",NA,NA
"A","11",NA,NA
"A","12",NA,NA
"A","12",NA,NA
"A","12",NA,NA
"A","12",NA,NA
"A","12",NA,NA
"G","11",NA,NA
"T","15",NA,NA
"A","11",NA,NA
"A","9",NA,NA
"C","9",NA,NA
"C","11",NA,NA
"G","11",NA,NA
"G","11",NA,NA
"G","11",NA,NA
"A","11",NA,NA
"A","11",NA,NA
"A","11",NA,NA
"C","11",NA,NA
"G","11",NA,NA
"G","12",NA,NA
"G","12",NA,NA
"C","14",NA,NA
"C","11",NA,NA
"G","11",NA,NA
"G","11",NA,NA
"A","11",NA,NA
"C","18",NA,NA
"A","15",NA,NA
"A","14",NA,NA
"A","14",NA,NA
"C","14",NA,NA
"C","11",NA,NA
"A","11",NA,NA
"A","11",NA,NA
"A","11",NA,NA
"C","11",NA,NA
"T","15",NA,NA
"A","18",NA,NA
"C","12",NA,NA
"G","11",NA,NA
"G","11",NA,NA
"A","11",NA,NA
"A","15",NA,NA
"G","11",NA,NA
"C","11",NA,NA
"G","11",NA,NA
"T","11",NA,NA
"G","11",NA,NA
"T","11",NA,NA
"A","11",NA,NA
"C","18",NA,NA
"G","11",NA,NA
"C","11",NA,NA
"C","11",NA,NA
"A","11",NA,NA
"T","11",NA,NA
"G","11",NA,NA
"C","11",NA,NA
"G","18",NA,NA
"G","15",NA,NA
"T","19",NA,NA
"A","18",NA,NA
"G","15",NA,NA
"G","13",NA,NA
"T","11",NA,NA
"G","11",NA,NA
"G","11",NA,NA
"T","11",NA,NA
"A","11",NA,NA
"C","11",NA,NA
"G","15",NA,NA
"T","17",NA,NA
"A","19",NA,NA
"G","16",NA,NA
"G","11",NA,NA
"C","11",NA,NA
"C","11",NA,NA
"G","11",NA,NA
"G","13",NA,NA
"T","13",NA,NA
"T","15",NA,NA
"A","11",NA,NA
"G","11",NA,NA
"G","11",NA,NA
"T","11",NA,NA
"A","11",NA,NA
"C","11",NA,NA
"G","11",NA,NA
"G","11",NA,NA
"G","11",NA,NA
"T","11",NA,NA
"A","11",NA,NA
"G","11",NA,NA
"G","11",NA,NA
"A","11",NA,NA
"A","11",NA,NA
"C","11",NA,NA
"C","11",NA,NA
"C","11",NA,NA
"C","13",NA,NA
"G","13",NA,NA
"T","11",NA,NA
"A","11",NA,NA
"C","11",NA,NA
"C","8",NA,NA
"C","8",NA,NA
"T","8",NA,NA
"T","11",NA,NA
"A","11",NA,NA
"C","11",NA,NA
"C","11",NA,NA
"C","11",NA,NA
"T","11",NA,NA
"A","11",NA,NA
"A","11",NA,NA
"A","13",NA,NA
"C","13",NA,NA
"C","11",NA,NA
"T","11",NA,NA
"T","13",NA,NA
"A","13",NA,NA
"C","11",NA,NA
"C","13",NA,NA
"G","13",NA,NA
"A","15",NA,NA
"A","13",NA,NA
"C","13",NA,NA
"A","16",NA,NA
"A","11",NA,NA
"G","11",NA,NA
"C","11",NA,NA
"C","11",NA,NA
"A","11",NA,NA
"A","11",NA,NA
"C","11",NA,NA
"A","16",NA,NA
"A","13",NA,NA
"T","13",NA,NA
"A","15",NA,NA
"G","11",NA,NA
"G","11",NA,NA
"G","11",NA,NA
"G","11",NA,NA
"A","11",NA,NA
"C","11",NA,NA
"C","11",NA,NA
"C","11",NA,NA
"G","15",NA,NA
"A","12",NA,NA
"A","11",NA,NA
"G","11",NA,NA
"G","11",NA,NA
"G","11",NA,NA
"C","11",NA,NA
"C","11",NA,NA
"G","11",NA,NA
"G","11",NA,NA
"G","11",NA,NA
"A","11",NA,NA
"A","11",NA,NA
"C","11",NA,NA
"G","11",NA,NA
"A","11",NA,NA
"A","11",NA,NA
"G","11",NA,NA
"G","11",NA,NA
"T","11",NA,NA
"G","11",NA,NA
"A","11",NA,NA
"A","11",NA,NA
"A","11",NA,NA
"G","11",NA,NA
"C","13",NA,NA
"T","15",NA,NA
"A","15",NA,NA
"G","15",NA,NA
"G","15",NA,NA
"T","15",NA,NA
"A","13",NA,NA
"G","13",NA,NA
"T","13",NA,NA
"C","13",NA,NA
"T","11",NA,NA
"C","11",NA,NA
"G","11",NA,NA
"G","11",NA,NA
"T","11",NA,NA
"C","11",NA,NA
"C","11",NA,NA
"T","11",NA,NA
"T","11",NA,NA
"C","11",NA,NA
"G","11",NA,NA
"G","11",NA,NA
"G","11",NA,NA
"A","11",NA,NA
"A","11",NA,NA
"C","11",NA,NA
"G","11",NA,NA
"G","11",NA,NA
"A","11",NA,NA
"C","11",NA,NA
"G","11",NA,NA
"G","11",NA,NA
"T","11",NA,NA
"T","11",NA,NA
"A","11",NA,NA
"A","11",NA,NA
"G","11",NA,NA
"G","13",NA,NA
"G","13",NA,NA
"A","14",NA,NA
"A","13",NA,NA
"G","13",NA,NA
"G","11",NA,NA
"T","11",NA,NA
"T","11",NA,NA
"T","11",NA,NA
"A","11",NA,NA
"A","11",NA,NA
"G","11",NA,NA
"G","11",NA,NA
"T","11",NA,NA
"A","11",NA,NA
"G","16",NA,NA
"G","13",NA,NA
"G","13",NA,NA
"T","13",NA,NA
"A","13",NA,NA
"G","13",NA,NA
"G","11",NA,NA
"G","11",NA,NA
"T","11",NA,NA
"A","11",NA,NA
"A","11",NA,NA
"C","11",NA,NA
"C","11",NA,NA
"C","11",NA,NA
"C","11",NA,NA
"C","11",NA,NA
"C","11",NA,NA
"G","11",NA,NA
"G","11",NA,NA
"A","11",NA,NA
"A","11",NA,NA
"A","11",NA,NA
"C","11",NA,NA
"C","8",NA,NA
"G","8",NA,NA
"A","11",NA,NA
"A","11",NA,NA
"A","11",NA,NA
"A","11",NA,NA
"A","11",NA,NA
"A","11",NA,NA
"C","11",NA,NA
"C","13",NA,NA
"C","11",NA,NA
"G","11",NA,NA
"A","11",NA,NA
"A","8",NA,NA
"A","8",NA,NA
"C","8",NA,NA
"C","11",NA,NA
"C","11",NA,NA
"C","11",NA,NA
"G","11",NA,NA
"A","13",NA,NA
"A","12",NA,NA
"A","12",NA,NA
"A","15",NA,NA
"C","12",NA,NA
"G","8",NA,NA
"A","11",NA,NA
"A","8",NA,NA
"A","8",NA,NA
"A","8",NA,NA
"A","8",NA,NA
"C","8",NA,NA
"T","13",NA,NA
"A","15",NA,NA
"A","9",NA,NA
"T","9",NA,NA
"C","13",NA,NA
"G","15",NA,NA
"T","15",NA,NA
"A","11",NA,NA
"G","11",NA,NA
"T","11",NA,NA
"A","11",NA,NA
"C","13",NA,NA
"G","15",NA,NA
"T","13",NA,NA
"T","13",NA,NA
"A","11",NA,NA
"G","11",NA,NA
"G","11",NA,NA
"G","11",NA,NA
"T","11",NA,NA
"A","11",NA,NA
"A","11",NA,NA
"A","11",NA,NA
"C","13",NA,NA
"G","15",NA,NA
"G","11",NA,NA
"A","11",NA,NA
"A","11",NA,NA
"C","11",NA,NA
"C","11",NA,NA
"G","11",NA,NA
"G","11",NA,NA
"A","11",NA,NA
"C","11",NA,NA
"G","11",NA,NA
"G","11",NA,NA
"A","11",NA,NA
"A","13",NA,NA
"A","13",NA,NA
"C","13",NA,NA
"G","11",NA,NA
"G","11",NA,NA
"G","11",NA,NA
NA,"11",NA,NA
